{
    "loss": 2.353062391281128,
    "accuracy": 0.8223909139633179
}